<?xml version="1.0" encoding="UTF-8"?>
<!DOCTYPE configuration PUBLIC "-//mybatis.org//DTD Config 3.0//EN" "http://mybatis.org/dtd/mybatis-3-config.dtd">
<configuration>

	<!-- 引用db.properties配置文件 -->
	<properties resource="dbconfig.properties"/>

	<environments default="development">
		<environment id="development">
			<transactionManager type="JDBC" />
			<!-- 配置数据库连接信息 -->
			<dataSource type="POOLED">
				<property name="driver" value="${driver}" />
				<property name="url" value="${dburl}" />
				<property name="username" value="${user}" />
				<property name="password" value="${password}" />
			</dataSource>
		</environment>
	</environments>
	
	<mappers>
		<!-- 注册Mapper xml文件 -->
		<mapper resource="com/happyheng/mapper/userMapper.xml"/>
		<!-- 注册userMapper映射接口 -->
		<mapper class="com.happyheng.dao.UserDao"/>
		<mapper class="com.happyheng.dao.SportRecordDao"/>
		<mapper class="com.happyheng.dao.NewsDao"/>
		<mapper class="com.happyheng.dao.NewsCountDao"/>
	</mappers>

</configuration>